{
  "timestamp": "2025-04-09 15:19:57",
  "comparison_name": "mst_openmp_comparison",
  "folders_compared": [
    "openmp",
    "mst"
  ],
  "num_instances": 124,
  "instances": [
    "E-n76-k8",
    "P-n101-k4",
    "E-n101-k8",
    "E-n101-k14",
    "X-n110-k13",
    "X-n120-k6",
    "X-n106-k14",
    "X-n115-k10",
    "X-n101-k25",
    "X-n139-k10",
    "X-n143-k7",
    "X-n134-k13",
    "F-n135-k7",
    "X-n129-k18",
    "CMT4",
    "X-n157-k13",
    "X-n162-k11",
    "X-n167-k10",
    "X-n153-k22",
    "X-n125-k30",
    "X-n186-k15",
    "CMT5",
    "X-n190-k8",
    "X-n204-k19",
    "X-n209-k16",
    "X-n214-k11",
    "X-n181-k23",
    "X-n237-k14",
    "X-n176-k26",
    "X-n200-k36",
    "X-n233-k16",
    "Golden_17",
    "X-n228-k23",
    "Golden_9",
    "X-n256-k16",
    "X-n251-k28",
    "X-n223-k34",
    "Golden_13",
    "X-n172-k51",
    "X-n195-k51",
    "X-n275-k28",
    "X-n280-k17",
    "X-n284-k15",
    "X-n219-k73",
    "X-n261-k13",
    "X-n148-k46",
    "X-n270-k35",
    "X-n242-k48",
    "Golden_10",
    "X-n303-k21",
    "X-n308-k13",
    "Golden_14",
    "X-n317-k53",
    "X-n247-k50",
    "X-n327-k20",
    "Golden_18",
    "X-n298-k31",
    "X-n322-k28",
    "X-n294-k50",
    "X-n331-k15",
    "X-n289-k60",
    "X-n266-k58",
    "Golden_15",
    "Golden_11",
    "X-n367-k17",
    "X-n359-k29",
    "X-n401-k29",
    "X-n351-k40",
    "X-n393-k38",
    "X-n344-k43",
    "X-n313-k71",
    "Golden_20",
    "X-n384-k52",
    "Golden_12",
    "X-n449-k29",
    "X-n459-k26",
    "X-n336-k84",
    "X-n439-k37",
    "X-n411-k19",
    "Golden_19",
    "X-n429-k61",
    "Golden_16",
    "tai385",
    "X-n376-k94",
    "X-n502-k39",
    "X-n480-k70",
    "X-n573-k30",
    "X-n491-k59",
    "X-n548-k50",
    "X-n561-k42",
    "X-n469-k138",
    "X-n641-k35",
    "X-n536-k96",
    "X-n420-k130",
    "X-n613-k62",
    "X-n627-k43",
    "X-n655-k131",
    "X-n513-k21",
    "X-n599-k92",
    "X-n586-k159",
    "X-n716-k35",
    "X-n685-k75",
    "X-n701-k44",
    "X-n783-k48",
    "X-n524-k153",
    "X-n895-k37",
    "X-n801-k40",
    "X-n856-k95",
    "X-n876-k59",
    "X-n837-k142",
    "X-n957-k87",
    "X-n670-k130",
    "X-n819-k171",
    "X-n749-k98",
    "X-n733-k159",
    "X-n766-k71",
    "X-n1001-k43",
    "X-n979-k58",
    "X-n916-k207",
    "X-n936-k151",
    "Leuven1",
    "Leuven2",
    "Antwerp1",
    "Antwerp2"
  ],
  "time_metrics": {
    "openmp": {
      "min": 0.0345092,
      "max": 5.45388,
      "mean": 0.32334334919354835,
      "median": 0.179801,
      "total": 40.09457529999999
    },
    "mst": {
      "min": 0.0249162,
      "max": 9.03753,
      "mean": 0.368330395967742,
      "median": 0.156839,
      "total": 45.6729691
    }
  },
  "cost_metrics": {
    "openmp": {
      "min": 750.524,
      "max": 518042.0,
      "mean": 66718.8540483871,
      "median": 43387.5,
      "total": 8273137.901999999
    },
    "mst": {
      "min": 761.455,
      "max": 519236.0,
      "mean": 67669.91382258064,
      "median": 44904.5,
      "total": 8391069.314
    }
  },
  "time_comparison": {
    "mst_vs_openmp": {
      "mean_improvement_pct": 12.552449474600266,
      "median_improvement_pct": 15.118083059361513,
      "instances_faster": 103,
      "instances_slower": 21,
      "instances_equal": 0,
      "max_improvement_pct": 39.813715426085594,
      "max_degradation_pct": -71.23693805442791,
      "speedup_factor": 1.1836896866562936
    }
  },
  "cost_comparison": {
    "mst_vs_openmp": {
      "mean_improvement_pct": -1.997089779826095,
      "median_improvement_pct": -1.4406463790090052,
      "instances_better": 12,
      "instances_worse": 112,
      "instances_equal": 0,
      "max_improvement_pct": 3.991630086201017,
      "max_degradation_pct": -16.96572040707017
    }
  }
}